City,Lat,Lng,Max Temp,Humidity,Cloudiness,Wind Speed,Country,Date
Hermanus,-34.42,19.23,61.0,87,99,3.0,ZA,1603672968
Busselton,-33.65,115.33,75.0,46,0,12.46,AU,1603672968
Bluff,-46.6,168.33,54.0,59,73,8.01,NZ,1603672494
Vaini,-21.2,-175.2,73.4,94,90,13.87,TO,1603672471
Kapaa,22.08,-159.32,82.99,74,40,9.17,US,1603672489
Kirkwall,58.98,-2.96,50.0,76,10,17.22,GB,1603672969
Faanui,-16.48,-151.75,79.86,73,0,7.16,PF,1603672969
Provideniya,64.38,-173.3,35.6,74,90,6.71,RU,1603672708
Pevek,69.7,170.31,25.45,98,100,6.4,RU,1603672969
Vestmanna,62.16,-7.17,42.8,87,13,8.05,FO,1603672970
Rikitea,-23.12,-134.97,73.72,82,100,25.7,PF,1603672708
Payo,-3.75,103.64,76.98,86,100,1.43,ID,1603672970
Ushuaia,-54.8,-68.3,48.2,66,20,4.7,AR,1603672706
Katherine,-14.47,132.27,87.8,58,75,12.75,AU,1603672970
Haines Junction,60.75,-137.51,28.06,94,100,3.74,CA,1603672706
Nanortalik,60.14,-45.24,34.61,89,100,10.42,GL,1603672695
Yining,29.04,114.56,60.33,67,100,0.63,CN,1603672971
Longyearbyen,78.22,15.64,30.2,74,75,6.93,SJ,1603672971
Ponta do Sol,32.67,-17.1,68.0,64,20,4.7,PT,1603672971
Punta Arenas,-53.15,-70.92,44.6,81,75,3.36,CL,1603672667
Caravelas,-17.71,-39.25,72.07,97,100,9.44,BR,1603672971
Byron Bay,-28.65,153.62,72.0,83,90,8.05,AU,1603672972
Sant Feliu de Guíxols,41.78,3.03,64.0,53,53,4.72,ES,1603672972
Cape Town,-33.93,18.42,62.01,77,0,11.41,ZA,1603672638
Saint-Philippe,-21.36,55.77,71.6,68,0,4.7,RE,1603672972
Albany,42.6,-73.97,42.01,55,2,2.08,US,1603672669
Khatanga,71.97,102.5,5.94,95,95,9.8,RU,1603672972
Coquimbo,-29.95,-71.34,53.6,87,0,4.7,CL,1603672846
Husavik,66.04,-17.34,41.0,80,90,6.93,IS,1603672973
Port Elizabeth,-33.92,25.57,62.6,93,75,17.22,ZA,1603672973
Santiago,-33.46,-70.65,64.0,59,0,12.75,CL,1603672690
Warmbad,-28.45,18.73,68.61,31,100,3.36,NA,1603672973
Avarua,-21.21,-159.78,78.8,65,69,12.75,CK,1603672665
Aripuanã,-9.17,-60.63,75.61,77,14,1.12,BR,1603672973
Kangaatsiaq,68.31,-53.46,20.89,86,100,8.68,GL,1603672973
Alta Floresta,-9.88,-56.09,77.23,65,62,1.68,BR,1603672973
Kutum,14.2,24.67,67.24,29,0,7.27,SD,1603672974
Korla,41.76,86.15,44.01,68,5,1.01,CN,1603672974
Lagan,45.39,47.37,52.74,72,100,10.83,RU,1603672974
Poum,-20.23,164.02,77.22,72,0,13.96,NC,1603672709
Balkhash,46.84,74.98,43.36,65,32,9.57,KZ,1603672974
Chokurdakh,70.63,147.92,6.15,92,0,9.69,RU,1603672559
Atuona,-9.8,-139.03,79.07,73,0,19.82,PF,1603672975
Hobyo,5.35,48.53,79.21,83,76,4.88,SO,1603672697
Geraldton,-28.77,114.6,71.6,68,0,13.87,AU,1603672711
Tete,-16.16,33.59,84.2,54,0,10.29,MZ,1603672975
Nikolskoye,59.7,30.79,42.8,93,90,6.71,RU,1603672975
Tuktoyaktuk,69.45,-133.04,17.6,92,90,17.22,CA,1603672975
Cayenne,4.93,-52.33,78.8,94,20,1.12,GF,1603672976
Conceição do Araguaia,-8.26,-49.26,78.62,77,100,1.32,BR,1603672977
Bambous Virieux,-20.34,57.76,73.99,78,75,14.99,MU,1603672977
Iaciara,-14.1,-46.63,74.32,74,100,1.07,BR,1603672977
Jasper,37.2,-94.35,45.0,75,90,9.17,US,1603672977
Dikson,73.51,80.55,20.14,98,100,11.16,RU,1603672977
Abong Mbang,3.98,13.18,66.24,98,100,1.36,CM,1603672977
Ribeira Grande,38.52,-28.7,65.57,77,100,8.61,PT,1603672977
Fort Nelson,58.81,-122.7,30.2,50,90,3.36,CA,1603672978
Olafsvik,64.89,-23.71,41.76,81,99,20.54,IS,1603672978
Hobart,-42.88,147.33,61.0,54,75,12.75,AU,1603672662
Najrān,17.49,44.13,59.0,21,0,1.59,SA,1603672978
Ancud,-41.87,-73.82,50.0,76,90,9.17,CL,1603672978
Lüderitz,-26.65,15.16,64.31,56,0,22.1,NA,1603672979
Kruisfontein,-34.0,24.73,62.01,95,100,3.0,ZA,1603672979
Saskylakh,71.92,114.08,8.24,94,100,10.22,RU,1603672979
Codrington,-38.27,141.97,57.27,63,4,20.09,AU,1603672979
Mataura,-46.19,168.86,54.0,59,99,8.01,NZ,1603672497
Waipawa,-41.41,175.52,66.2,72,100,26.4,NZ,1603672979
Ballina,-28.87,153.57,72.0,83,90,8.05,AU,1603672980
Majene,-3.54,118.97,85.1,67,99,6.76,ID,1603672980
Carnarvon,-24.87,113.63,71.6,83,40,18.34,AU,1603672980
Burley,42.54,-113.79,33.8,26,20,3.36,US,1603672806
Tuatapere,-46.13,167.68,54.0,56,98,8.01,NZ,1603672980
Jamestown,42.1,-79.24,45.0,70,90,10.29,US,1603672980
Miles City,46.41,-105.84,15.8,52,90,6.93,US,1603672981
Broken Hill,-31.95,141.43,55.4,58,0,13.87,AU,1603672981
Ketchikan,55.34,-131.65,37.4,100,90,28.86,US,1603672726
Saint Paul Harbor,57.79,-152.41,48.2,87,90,4.7,US,1603672981
Pisco,-13.7,-76.22,64.4,77,0,18.34,PE,1603672981
Baghdad,33.34,44.4,60.8,51,0,2.24,IQ,1603672809
Isangel,-19.55,169.27,80.6,74,75,5.82,VU,1603672981
Karpogory,64.0,44.45,25.09,98,99,2.77,RU,1603672982
Kenai,60.55,-151.26,36.0,93,90,20.8,US,1603672982
Ōdachō-ōda,35.18,132.5,57.2,76,20,5.82,JP,1603672982
Buala,-8.14,159.59,84.29,73,76,1.63,SB,1603672982
Cabo San Lucas,22.89,-109.91,87.8,62,40,8.05,MX,1603672581
Solnechnyy,50.72,136.63,42.28,67,0,0.89,RU,1603672982
Vardø,70.37,31.11,35.98,82,100,19.75,NO,1603672982
Souillac,-20.52,57.52,73.4,78,75,14.99,MU,1603672703
Kjøpsvik,68.1,16.37,44.6,56,100,21.92,NO,1603672983
Kainantu,-6.29,145.87,75.85,57,39,4.18,PG,1603672983
Ostrovnoy,68.05,39.51,30.0,95,100,7.31,RU,1603672983
Sambava,-14.27,50.17,69.82,84,0,9.46,MG,1603672983
Arraial do Cabo,-22.97,-42.03,72.45,85,96,7.16,BR,1603672984
Hilo,19.73,-155.09,87.8,55,20,17.22,US,1603672587
Barrow,71.29,-156.79,24.8,79,90,8.05,US,1603672708
Forsytheganj,52.63,29.73,43.7,95,59,6.17,BY,1603672984
Marzuq,14.4,46.47,60.93,32,0,1.68,YE,1603672984
Tarancón,40.01,-3.01,48.2,81,0,8.05,ES,1603672984
Juegang,32.32,121.19,66.0,1,100,1.01,CN,1603672985
Bredasdorp,-34.53,20.04,60.8,87,100,12.75,ZA,1603672471
Bambanglipuro,-7.95,110.28,80.42,81,100,9.04,ID,1603672985
Tasiilaq,65.61,-37.64,32.0,97,100,19.46,GL,1603672985
Constitución,-35.33,-72.42,49.86,73,0,12.28,CL,1603672985
Pauini,-7.71,-66.98,74.62,96,97,1.86,BR,1603672985
Alugan,12.22,125.48,81.9,82,100,14.0,PH,1603672986
Port Blair,11.67,92.75,79.83,82,100,5.01,IN,1603672944
Karratha,-20.74,116.85,80.19,43,67,11.81,AU,1603672986
Taltal,-25.4,-70.48,59.94,55,0,5.73,CL,1603672986
Mana,5.66,-53.78,80.69,82,66,9.69,GF,1603672986
Changji,44.02,87.32,37.4,69,0,6.71,CN,1603672987
Tucumã,-0.18,-50.05,80.08,80,1,7.67,BR,1603672987
New Norfolk,-42.78,147.06,60.01,49,0,3.0,AU,1603672987
Cidreira,-30.18,-50.21,69.62,87,100,25.55,BR,1603672709
Touros,-5.2,-35.46,78.8,83,40,5.82,BR,1603672987
El Alto,-4.27,-81.21,62.24,91,2,12.59,PE,1603672987
Portland,45.52,-122.68,45.0,33,0,3.0,US,1603672710
Thibodaux,29.8,-90.82,70.0,79,40,3.36,US,1603672988
San Cristobal,7.77,-72.22,78.8,83,40,4.7,VE,1603672988
Quryq,43.2,51.65,57.65,82,93,4.81,KZ,1603672988
Norman Wells,65.28,-126.83,30.2,100,90,9.17,CA,1603672527
Pangnirtung,66.15,-65.71,12.18,85,35,4.45,CA,1603672988
Usogorsk,63.41,48.69,19.4,97,60,4.36,RU,1603672989
Karasjok,69.47,25.51,32.0,97,90,38.03,NO,1603672989
Ixtapa,20.7,-105.2,87.8,70,75,4.7,MX,1603672969
Lompoc,34.64,-120.46,64.4,72,75,10.29,US,1603672880
Bengkulu,-3.8,102.27,76.24,84,100,4.9,ID,1603672989
Tazovsky,67.47,78.7,4.82,94,25,8.52,RU,1603672989
Arrifes,37.77,-25.7,59.0,77,20,6.93,PT,1603672990
Kahului,20.89,-156.47,93.2,46,40,17.22,US,1603672718
Molteno,-31.4,26.36,57.06,70,100,2.95,ZA,1603672990
Beni Suef,29.07,31.1,65.86,79,0,7.09,EG,1603672990
Bria,6.54,21.99,70.75,94,100,1.68,CF,1603672990
Kaitangata,-46.28,169.85,53.01,62,100,8.01,NZ,1603672710
Virtsu,58.57,23.51,52.0,85,100,11.99,EE,1603672990
Mar del Plata,-38.0,-57.56,60.8,100,90,5.99,AR,1603672754
Sawākin,19.11,37.33,81.18,76,11,3.58,SD,1603672991
Turtas,58.94,69.13,33.75,98,100,2.66,RU,1603672991
Torbay,47.67,-52.73,39.99,72,75,26.4,CA,1603672987
Port Augusta,-32.5,137.77,57.2,44,90,11.41,AU,1603672991
Dingle,11.0,122.67,77.88,88,100,16.75,PH,1603672991
Kiryat Gat,31.61,34.76,73.99,79,0,1.21,IL,1603672699
Belaya Gora,68.53,146.42,12.29,93,58,6.15,RU,1603672992
Odesskoye,54.21,72.97,41.18,95,100,9.35,RU,1603672992
Alihe,50.57,123.72,36.66,80,100,2.68,CN,1603672992
Nueva Helvecia,-34.3,-57.23,68.0,91,92,7.76,UY,1603672992
Clyde River,70.47,-68.59,12.2,85,1,12.75,CA,1603672706
Maridi,4.92,29.47,68.11,96,100,6.11,SS,1603672992
Progreso,21.28,-89.67,79.0,83,75,4.7,MX,1603672993
Volot,57.93,30.7,41.79,94,36,6.53,RU,1603672993
Fortuna,40.6,-124.16,59.0,58,1,9.17,US,1603672993
Salalah,17.02,54.09,75.2,64,0,2.24,OM,1603672994
Puerto Ayora,-0.74,-90.35,68.0,83,43,4.0,EC,1603672974
Port Hawkesbury,45.62,-61.35,41.0,60,90,9.17,CA,1603672994
Magadan,59.57,150.8,38.3,72,100,12.1,RU,1603672994
Flinders,-34.58,150.86,60.01,62,75,18.34,AU,1603672994
Summerside,46.4,-63.79,37.99,64,0,1.01,CA,1603672994
College,64.86,-147.8,33.01,74,90,3.36,US,1603672994
Oussouye,12.48,-16.55,84.2,83,0,4.7,SN,1603672995
Pozo Colorado,-23.49,-58.8,88.68,45,73,8.61,PY,1603672995
Araouane,18.9,-3.53,85.35,13,0,7.4,ML,1603672995
Santiago Tuxtla,18.47,-95.3,72.73,91,94,4.81,MX,1603672995
Beloha,-25.17,45.05,67.17,79,91,4.65,MG,1603672995
Lorengau,-2.02,147.27,84.9,73,100,5.7,PG,1603672995
Mahébourg,-20.41,57.7,73.4,78,75,14.99,MU,1603672708
Elizabeth City,36.29,-76.25,69.8,94,90,10.29,US,1603672996
Port Macquarie,-31.43,152.92,75.99,54,16,1.99,AU,1603672996
Qaanaaq,77.48,-69.36,9.01,76,88,8.37,GL,1603672996
Severo-Kuril'sk,50.68,156.12,46.47,80,100,7.11,RU,1603672996
Butaritari,3.07,172.79,81.41,69,33,8.34,KI,1603672996
Yar-Sale,66.83,70.83,11.26,96,53,10.13,RU,1603672996
Jumla,29.27,82.18,42.21,55,0,7.02,NP,1603672997
Masallātah,32.62,14.0,66.47,75,88,6.15,LY,1603672997
Campbellton,48.01,-66.67,30.09,87,0,3.47,CA,1603672997
Safi,32.3,-9.24,63.3,74,0,5.82,MA,1603672998
Thinadhoo,0.53,72.93,82.85,69,41,6.55,MV,1603672998
Thompson,55.74,-97.86,24.8,58,90,3.36,CA,1603672707
Jagannāthpur,22.23,85.65,68.22,60,0,0.94,IN,1603672998
Bethel,41.37,-73.41,48.2,57,90,8.05,US,1603672709
Bahía de Caráquez,-0.6,-80.42,75.2,78,75,6.93,EC,1603672999
Pareora,-44.49,171.21,51.01,97,100,4.0,NZ,1603672999
Airai,-8.93,125.41,75.81,61,80,1.12,TL,1603672999
Kosonsoy,41.26,71.55,42.8,56,0,4.7,UZ,1603672999
San Jose,37.34,-121.89,69.8,40,40,14.99,US,1603672730
Broome,42.25,-75.83,46.0,48,90,4.7,US,1603673000
Nārnaund,29.22,76.15,68.54,24,27,1.52,IN,1603673000
Tolaga Bay,-38.37,178.3,67.06,62,47,11.27,NZ,1603673000
Aloleng,16.13,119.78,84.81,76,90,12.97,PH,1603673000
Kedrovyy,56.17,91.82,24.8,85,40,4.47,RU,1603673000
Uniontown,39.9,-79.72,46.99,61,99,5.64,US,1603673001
Nouadhibou,20.93,-17.03,75.2,60,0,25.28,MR,1603673001
Denpasar,-8.65,115.22,84.2,94,40,2.24,ID,1603673001
Kwang Binh,17.48,106.6,71.64,85,100,3.94,VN,1603673001
Latung,5.5,120.88,81.16,77,100,8.97,PH,1603673001
Sjenica,43.27,20.0,40.59,90,0,4.05,RS,1603673001
Hong Kong,22.29,114.16,77.0,77,100,1.01,HK,1603672957
Comitancillo,15.08,-91.72,66.99,100,100,2.46,GT,1603673002
Chui,-33.7,-53.46,66.61,89,100,11.63,UY,1603673002
Kayes,14.0,-11.0,78.06,20,0,2.62,ML,1603673002
Krasnosel'kup,65.7,82.47,2.88,93,0,9.86,RU,1603673002
Shādegān,30.65,48.66,66.2,93,0,2.08,IR,1603673002
West Bay,19.37,-81.42,82.99,83,40,11.41,KY,1603672706
Hamilton,39.18,-84.53,53.6,62,90,6.93,US,1603672704
Leningradskiy,69.38,178.42,25.29,94,96,6.22,RU,1603672505
Tessalit,20.2,1.01,76.77,17,0,8.25,ML,1603673003
Cascais,38.7,-9.42,60.01,73,100,20.04,PT,1603673003
Kendari,-3.94,122.5,89.22,57,68,0.51,ID,1603673003
Evensk,61.95,159.23,34.54,86,100,14.43,RU,1603673003
Alofi,-19.06,-169.92,78.8,78,90,14.99,NU,1603673003
Talnakh,69.49,88.4,10.4,92,75,13.42,RU,1603673003
Cockburn Town,21.46,-71.14,83.64,79,100,25.21,TC,1603672711
Avera,33.19,-82.53,73.4,94,90,4.7,US,1603673004
Palmer,42.16,-72.33,46.99,70,75,4.7,US,1603672970
Tabou,4.42,-7.35,77.34,90,13,7.11,CI,1603673004
Faya,18.39,42.45,59.0,22,0,2.08,SA,1603673004
Dutlwe,-23.98,23.9,79.41,30,100,11.63,BW,1603673004
Vestmannaeyjar,63.44,-20.27,44.17,73,0,2.35,IS,1603673005
Shahr-e Kord,32.33,50.86,32.0,75,0,2.24,IR,1603673005
Inhambane,-23.86,35.38,71.74,90,8,2.64,MZ,1603672716
Port-Gentil,-0.72,8.78,78.66,85,100,14.54,GA,1603673005
Mayumba,-3.43,10.66,76.87,88,100,8.99,GA,1603673005
Ile-Ife,7.47,4.57,71.73,96,100,1.52,NG,1603673005
North Platte,41.12,-100.77,19.4,79,90,17.22,US,1603673005
Kayerkan,69.35,87.76,10.4,92,75,13.42,RU,1603673005
San Joaquin,37.93,-121.3,71.6,26,1,16.11,US,1603673006
Āsosa,10.07,34.53,63.41,82,0,4.65,ET,1603673006
Dera Bugti,29.03,69.15,65.25,26,0,4.65,PK,1603673006
Chikwawa,-16.03,34.8,76.19,57,2,0.83,MW,1603673006
Bhind,26.56,78.79,68.0,64,40,2.24,IN,1603673007
Comodoro Rivadavia,-45.87,-67.5,60.8,40,0,13.87,AR,1603673007
Suba,10.84,121.01,80.33,83,100,35.21,PH,1603673007
George Town,5.41,100.34,78.8,88,40,7.16,MY,1603672463
Saldanha,-33.01,17.94,55.4,87,0,6.93,ZA,1603673007
Lagoa,39.05,-27.98,64.51,71,100,7.81,PT,1603673007
Young,-32.68,-57.63,69.01,95,12,1.01,UY,1603673007
Monte Azul,-15.15,-42.87,70.72,83,94,3.33,BR,1603673000
Aden,12.78,45.04,82.65,55,0,13.04,YE,1603672984
Edmond,35.65,-97.48,43.0,87,90,16.11,US,1603672759
Eureka,40.8,-124.16,68.0,36,1,12.75,US,1603673008
Tacuarembó,-31.73,-55.98,71.04,85,6,4.27,UY,1603673008
Ürümqi,43.8,87.6,37.4,69,0,6.71,CN,1603673008
Yellowknife,62.46,-114.35,28.4,79,75,6.93,CA,1603672944
High Level,58.52,-117.14,30.2,42,75,3.8,CA,1603672899
Bathsheba,13.22,-59.52,80.6,83,40,13.87,BB,1603672510
Cherskiy,68.75,161.3,16.66,96,100,1.34,RU,1603673009
Khanbari,27.37,87.2,65.57,62,5,3.4,NP,1603673009
Camapuã,-19.53,-54.04,79.36,65,8,2.01,BR,1603672754
Aketi,2.74,23.78,68.23,97,100,1.81,CD,1603672728
Castro,-24.79,-50.01,61.16,97,2,6.15,BR,1603672983
Sola,-13.88,167.55,84.2,79,75,4.7,VU,1603673009
Port Alfred,-33.59,26.89,65.08,85,100,6.91,ZA,1603673009
North Bend,43.41,-124.22,55.4,32,1,12.75,US,1603673010
Tacna,-18.01,-70.25,55.0,89,39,0.78,PE,1603672977
Havre-St-Pierre,50.23,-63.6,30.2,58,1,8.05,CA,1603673010
Ust'-Ishim,57.69,71.17,34.47,97,100,5.23,RU,1603673010
Mnogovershinnyy,53.94,139.92,31.73,98,89,11.52,RU,1603673010
Lebu,-37.62,-73.65,47.89,77,10,4.05,CL,1603673011
San Andrés,12.58,-81.7,80.6,88,75,4.7,CO,1603672816
Port Hardy,50.7,-127.42,44.6,65,90,5.82,CA,1603672927
Kavieng,-2.57,150.8,82.58,77,100,10.33,PG,1603673011
Jalu,29.03,21.55,63.01,86,0,6.33,LY,1603673011
Madison,34.73,-86.57,66.2,88,90,3.36,US,1603672384
Berlevåg,70.86,29.09,33.64,89,100,22.84,NO,1603673011
Yangi Marg`ilon,40.43,71.72,41.0,65,0,1.34,UZ,1603673011
Semīrom,31.42,51.57,32.68,86,0,1.1,IR,1603673012
Lyubech,51.7,30.66,44.33,95,100,6.13,UA,1603673012
Nyagan,62.14,65.39,24.35,98,96,4.85,RU,1603672836
Bayir,37.27,28.22,55.4,87,0,1.12,TR,1603673012
Lakki,32.61,70.91,65.01,40,0,3.04,PK,1603673012
Gerāsh,27.67,54.14,55.4,37,0,1.28,IR,1603673013
Usoke,-5.17,32.35,77.0,50,75,11.41,TZ,1603673013
Dandong,40.13,124.39,54.09,66,88,2.53,CN,1603673013
Hithadhoo,-0.6,73.08,83.71,65,19,5.93,MV,1603672708
Ust'-Kut,56.79,105.77,21.45,94,100,4.43,RU,1603673013
Rock Sound,24.9,-76.2,82.65,84,100,13.27,BS,1603673013
Mayo,38.89,-76.51,52.0,93,90,8.05,US,1603673013
Exu,-7.51,-39.72,84.16,31,55,8.25,BR,1603673013
Chokwé,-24.53,32.98,70.34,77,0,8.55,MZ,1603673014
Mahīshādal,22.18,87.98,74.35,74,0,5.35,IN,1603673014
Port Lincoln,-34.73,135.87,56.07,57,91,18.37,AU,1603673014
Nuuk,64.18,-51.72,24.8,79,100,9.17,GL,1603673014
Vanavara,60.34,102.28,20.91,96,0,2.64,RU,1603673014
Egvekinot,66.32,-179.17,23.22,93,0,3.51,RU,1603673014
Islamkot,24.7,70.18,75.07,46,0,6.46,PK,1603673015
Anadyr,64.75,177.48,23.0,92,75,6.71,RU,1603673015
Tawao,4.25,117.89,78.8,88,20,3.36,MY,1603673015
Ust-Kuyga,70.02,135.6,1.71,88,8,6.73,RU,1603673015
Ostrov,57.34,28.35,42.8,93,0,4.47,RU,1603673015
Kamaishi,39.27,141.88,51.8,93,40,4.7,JP,1603673015
Ponnampet,12.15,75.93,65.57,98,99,1.86,IN,1603673015
Eydhafushi,5.1,73.07,82.0,74,100,10.56,MV,1603673015
Praia,14.92,-23.51,80.6,74,0,17.22,CV,1603673016
Korem,12.51,39.52,49.71,66,9,1.83,ET,1603673016
Macusani,-14.08,-70.43,43.25,66,89,0.94,PE,1603673016
Saint-François,46.42,3.91,50.0,93,100,5.82,FR,1603673016
Umluj,25.02,37.27,78.33,49,0,2.71,SA,1603673016
Bismarck,46.81,-100.78,23.0,67,90,12.75,US,1603673016
Harper,4.38,-7.72,77.67,89,8,6.42,LR,1603673017
Meulaboh,4.14,96.13,77.13,84,100,4.61,ID,1603673017
Diamantino,-14.41,-56.45,77.59,71,48,4.83,BR,1603672969
Kudahuvadhoo,2.67,72.89,82.24,75,62,8.16,MV,1603673017
Laas,46.62,10.7,53.01,93,90,6.93,IT,1603673017
Upernavik,72.79,-56.15,13.89,77,65,5.1,GL,1603672488
Yarensk,62.17,49.09,25.93,97,98,6.02,RU,1603673017
Tiksi,71.69,128.87,5.34,90,100,31.03,RU,1603673017
Barsovo,61.17,73.17,26.6,100,90,11.18,RU,1603673018
Belle Glade,26.68,-80.67,79.0,96,81,9.35,US,1603673018
East London,-33.02,27.91,65.79,73,89,1.01,ZA,1603673018
Borger,52.92,6.79,50.0,89,94,5.01,NL,1603673018
Bubaque,11.28,-15.83,83.39,80,0,11.43,GW,1603673018
Makat,47.65,53.35,50.85,70,15,20.56,KZ,1603673018
Folkestone,51.08,1.18,51.01,100,38,1.99,GB,1603673019
Río Gallegos,-51.62,-69.22,46.4,87,75,10.29,AR,1603673019
Tromsø,69.65,18.96,35.6,87,75,34.45,NO,1603672721
Bhopal,23.27,77.4,60.8,87,0,4.7,IN,1603672748
Balsas,-7.53,-46.04,79.23,69,73,0.4,BR,1603673019
Turukhansk,65.82,87.98,1.51,91,0,6.64,RU,1603673019
Naumburg,51.15,11.82,54.0,90,100,6.69,DE,1603673020
Yaransk,57.3,47.89,30.81,96,0,9.57,RU,1603673020
Batagay-Alyta,67.8,130.41,6.1,86,16,5.86,RU,1603673020
Visnes,59.36,5.22,53.01,81,40,12.75,NO,1603673020
Sitka,57.05,-135.33,41.0,86,90,13.87,US,1603672976
Kampot,10.62,104.18,78.8,83,20,1.12,KH,1603673020
Balyqshy,47.07,51.87,46.4,81,40,13.42,KZ,1603673021
Dongsheng,39.82,109.98,44.67,53,0,14.43,CN,1603673021
Tres Picos,15.87,-93.53,80.98,71,96,3.91,MX,1603673021
Grand Gaube,-20.01,57.66,73.99,75,66,7.0,MU,1603673021
Okha,53.57,142.95,40.33,90,100,24.2,RU,1603673021
Hasaki,35.73,140.83,63.0,67,75,4.7,JP,1603673022
Karlskrona,56.16,15.59,53.6,100,100,8.05,SE,1603673022
Mosquera,4.71,-74.23,57.2,93,40,4.7,CO,1603673022
Oxford,51.75,-1.26,42.8,93,0,8.05,GB,1603672996
Benghazi,32.12,20.07,72.0,71,100,6.89,LY,1603673022
At-Bashi,41.17,75.81,29.1,85,46,5.66,KG,1603672745
Vondrozo,-22.82,47.28,59.61,100,77,2.21,MG,1603673022
Martapura,-3.42,114.85,77.0,88,40,8.05,ID,1603673022
Saint-Pierre,-21.34,55.48,69.8,68,0,4.7,RE,1603673023
Arrondissement du Havre,49.58,0.33,50.0,81,35,14.99,FR,1603673023
Padang,-0.95,100.35,80.53,67,100,1.59,ID,1603673023
Parczew,51.64,22.9,51.8,100,90,6.93,PL,1603673023
Uglegorsk,49.08,142.03,42.82,80,100,21.99,RU,1603673023
Gijang,35.24,129.21,53.6,66,0,5.82,KR,1603673023
Zhigansk,66.77,123.37,-1.5,89,65,5.28,RU,1603673023
Prince Rupert,54.32,-130.32,37.4,93,90,10.29,CA,1603673024
Port Hueneme,34.15,-119.2,64.4,68,90,14.99,US,1603673024
Port Angeles,48.12,-123.43,44.6,52,1,3.36,US,1603673024
Domoni,-12.26,44.53,76.12,79,0,6.58,KM,1603673024
Valparaíso,-33.04,-71.63,59.0,77,0,6.93,CL,1603673024
Esna,25.29,32.55,69.8,52,0,4.7,EG,1603673025
Vila,42.03,-8.16,43.0,95,100,5.01,PT,1603673025
Mercedes,-34.65,-59.43,64.99,78,63,5.99,AR,1603673025
Mitsamiouli,-11.38,43.28,78.8,76,0,14.9,KM,1603673025
Sennar,13.57,33.57,85.1,21,0,10.8,SD,1603673025
Atikokan,48.76,-91.62,24.53,94,100,4.47,CA,1603673025
Klaksvík,62.23,-6.59,42.8,87,2,8.05,FO,1603673025
Bloemfontein,-29.12,26.21,69.8,46,99,11.41,ZA,1603673025
Laguna,38.42,-121.42,69.8,14,1,20.8,US,1603673026
Ngaoundéré,7.32,13.58,64.31,82,22,1.63,CM,1603673026
Santa Fe,-31.63,-60.7,68.0,78,27,7.0,AR,1603672731
Yinchuan,38.47,106.27,49.95,43,16,3.47,CN,1603673026
Tegul'det,57.31,88.17,27.18,98,100,8.25,RU,1603673027
Fenoarivo,-18.93,47.44,60.8,82,75,5.82,MG,1603673027
General Roca,-39.03,-67.58,62.6,32,0,6.93,AR,1603673027
Rokupr,8.67,-12.39,74.07,97,8,1.59,SL,1603673027
Mumford,5.26,-0.76,77.83,90,0,8.88,GH,1603673027
Marabá,-5.37,-49.12,77.38,80,31,0.11,BR,1603673027
Black Forest,39.01,-104.7,10.0,71,90,17.22,US,1603672860
Ponta Delgada,37.73,-25.67,59.0,77,20,6.93,PT,1603673028
Los Llanos de Aridane,28.66,-17.92,71.6,64,21,10.29,ES,1603673028
Jaisalmer,26.91,70.92,73.15,20,0,6.49,IN,1603673028
Vilela,41.23,-7.6,48.0,9,87,1.99,PT,1603673028
Esperance,-33.87,121.9,64.4,48,0,23.04,AU,1603673028
Metro,-5.11,105.31,79.83,76,100,7.43,ID,1603673029
Port-de-Bouc,43.4,4.98,64.4,82,90,21.92,FR,1603673029
Ilulissat,69.22,-51.1,15.8,52,100,1.12,GL,1603673018
Aksarka,66.56,67.8,13.73,96,100,12.33,RU,1603673029
Plettenberg Bay,-34.05,23.37,62.47,90,100,12.77,ZA,1603673029
Tomatlán,19.93,-105.25,79.0,92,40,3.78,MX,1603673029
Takoradze,4.88,-1.76,77.25,91,24,8.81,GH,1603673030
Waddān,29.16,16.14,63.43,74,0,8.57,LY,1603673030
Nālūt,30.33,10.85,62.19,63,0,9.6,LY,1603673030
Matamoros,25.53,-103.25,93.2,14,5,7.02,MX,1603673030
Bilibino,68.05,166.44,20.66,94,100,0.85,RU,1603673030
Adrar,20.5,-10.07,86.58,13,57,8.32,MR,1603673030
Kanniyākumāri,8.08,77.57,79.34,75,78,12.46,IN,1603673030
Rio Verde de Mato Grosso,-18.92,-54.84,81.18,65,1,1.81,BR,1603673031
Ca Mau,9.18,105.15,82.27,80,63,4.74,VN,1603672922
Singaparna,-7.35,108.11,75.96,84,100,3.24,ID,1603673031
Nome,64.5,-165.41,39.2,80,90,6.93,US,1603673031
Brae,60.4,-1.35,50.0,81,98,17.22,GB,1603672709
Gravdal,68.12,13.5,41.0,86,75,10.29,NO,1603673031
Nuristan,35.3,70.83,15.06,69,0,11.43,AF,1603673031
Labuhan,-6.88,112.21,83.57,72,100,6.49,ID,1603673032
Yulara,-25.24,130.99,68.0,24,0,18.34,AU,1603673032
Puerto Escondido,15.85,-97.07,84.2,66,75,4.7,MX,1603673032
Fort Saint James,54.43,-124.25,25.02,88,100,3.06,CA,1603673032
Fairbanks,64.84,-147.72,33.01,86,1,3.85,US,1603672837
San Ramon,37.78,-121.98,69.01,22,1,9.17,US,1603672842
Santa María del Oro,25.93,-105.37,70.84,31,0,17.98,MX,1603673032
Bonavista,48.65,-53.11,39.99,72,90,20.0,CA,1603672692
Esfarāyen,37.08,57.51,39.2,44,0,2.24,IR,1603673033
Nurota,40.56,65.69,41.0,52,12,9.17,UZ,1603673033
Camopi,3.17,-52.32,76.89,84,94,3.56,GF,1603673033
Xining,36.62,101.77,39.25,58,100,2.84,CN,1603673033
Aasiaat,68.71,-52.87,10.51,88,100,5.21,GL,1603673034
Longhua,23.61,114.19,76.98,51,84,2.46,CN,1603673034
Morant Bay,17.88,-76.41,75.0,97,100,12.28,JM,1603673034
Yuli,9.7,10.27,75.94,47,32,1.68,NG,1603673034
Novi Sad,45.25,19.84,50.0,100,0,4.18,RS,1603673034
Otane,-39.88,176.63,72.0,60,97,5.99,NZ,1603673013
Dalbandin,28.89,64.41,50.81,40,0,6.46,PK,1603673034
Kavaratti,10.57,72.64,81.43,74,41,1.95,IN,1603673035
Montorio al Vomano,42.58,13.64,52.0,68,0,4.0,IT,1603673035
Loa Janan,-0.58,117.09,79.05,87,100,4.54,ID,1603673035
Tsiroanomandidy,-18.77,46.03,68.22,59,42,2.73,MG,1603673035
Tuscaloosa,33.21,-87.57,66.2,88,90,4.7,US,1603672754
Oranjemund,-28.55,16.43,57.52,87,5,13.33,NA,1603673035
Santa Maria,-29.68,-53.81,73.24,81,0,7.07,BR,1603673035
Bonfim,3.08,-59.95,82.27,64,60,3.8,BR,1603673036
Yashan,22.2,109.94,74.82,65,97,4.16,CN,1603673036
Ayagoz,47.97,80.44,32.85,89,56,6.42,KZ,1603672868
Port-Cartier,50.03,-66.87,33.01,63,5,6.49,CA,1603673036
Grindavik,63.84,-22.43,41.0,86,0,9.17,IS,1603673036
Berlin,52.52,13.41,54.0,81,0,8.05,DE,1603672780
Bangangté,5.14,10.52,61.56,100,99,2.86,CM,1603673036
Quatre Cocos,-20.21,57.76,73.99,78,75,14.99,MU,1603672711
Zhashkiv,49.25,30.11,48.87,81,100,7.43,UA,1603673037
Krasnoarmiys'k,48.28,37.18,48.56,72,100,7.18,UA,1603673037
San Patricio,28.02,-97.52,78.8,83,75,17.22,US,1603673037
Emerald,-23.53,148.17,80.01,47,18,8.05,AU,1603673034
Cantilan,9.33,125.98,85.59,65,100,2.55,PH,1603673037
Belmonte,-15.86,-38.88,77.0,88,75,10.29,BR,1603673037
Margate,51.38,1.39,51.01,66,98,3.0,GB,1603673038
Borogontsy,62.67,131.17,13.93,92,99,5.68,RU,1603673038
Conceição da Barra,-18.59,-39.73,71.71,96,100,7.99,BR,1603672808
Piaçabuçu,-10.41,-36.43,77.47,80,96,13.29,BR,1603673038
Ambilobe,-13.2,49.05,68.47,76,0,4.32,MG,1603673038
Choa Saidan Shah,32.72,72.98,61.81,39,0,8.93,PK,1603673038
Sorbhog,26.5,90.87,72.3,93,89,2.33,IN,1603673038
Tūkrah,32.53,20.58,70.09,75,100,5.41,LY,1603673039
Alyangula,-13.85,136.42,77.0,88,90,2.24,AU,1603673039
Itacoatiara,-3.14,-58.44,81.75,67,67,0.76,BR,1603673039
Hilton Head,32.22,-80.75,75.0,94,1,4.03,US,1603673039
Tygda,53.12,126.33,33.39,91,100,4.16,RU,1603673039
Slave Lake,55.28,-114.77,32.0,85,1,12.75,CA,1603673039
Koutsouras,35.03,25.95,71.11,72,100,3.24,GR,1603673039
Mahāsamund,21.1,82.1,69.8,83,0,4.7,IN,1603673039
Auki,-8.77,160.7,84.22,75,100,2.64,SB,1603673040
Atar,20.52,-13.05,88.12,15,100,7.74,MR,1603673040
Kumul,42.8,93.45,41.31,59,91,5.14,CN,1603673033
Dunedin,-45.87,170.5,46.99,85,100,10.0,NZ,1603672970
Lipin Bor,60.26,37.98,33.28,94,100,5.61,RU,1603673040
Hofn,64.25,-15.21,42.26,79,100,9.82,IS,1603673040
Itoman,26.12,127.67,77.0,61,75,14.99,JP,1603673040
Simao,22.79,100.97,69.03,66,20,0.54,CN,1603673041
Pāveh,35.04,46.36,42.64,62,0,0.58,IR,1603673041
Polunochnoye,60.87,60.42,23.0,98,100,5.01,RU,1603672993
Fuerte Olimpo,-21.04,-57.87,84.2,58,0,6.69,PY,1603673041
Dubbo,-32.25,148.62,57.2,93,90,5.82,AU,1603672838
Menongue,-14.66,17.69,66.04,38,77,4.07,AO,1603673041
Yārāda,17.65,83.27,78.8,88,75,2.24,IN,1603672748
Tezu,27.92,96.17,74.32,66,0,1.99,IN,1603673041
Pacifica,37.61,-122.49,66.0,63,20,17.22,US,1603672870
Eyrarbakki,63.86,-21.15,35.6,76,0,5.82,IS,1603673042
Codajás,-3.84,-62.06,77.23,87,34,0.96,BR,1603673042
Nantucket,41.28,-70.1,50.0,70,40,12.75,US,1603672828
Balabac,7.99,117.06,81.14,80,100,14.05,PH,1603673042
Oranjestad,12.52,-70.03,84.2,79,40,19.46,AW,1603672921
Hualmay,-11.1,-77.61,63.19,84,80,8.75,PE,1603673043
Atbasar,51.8,68.33,46.62,77,100,18.54,KZ,1603673043
Boa Vista,2.82,-60.67,89.6,52,0,5.82,BR,1603672906
Tupanatinga,-8.75,-37.34,69.44,86,72,5.99,BR,1603673043
Honiara,-9.43,159.95,86.0,74,40,6.93,SB,1603673043
Grenfell,-33.9,148.17,58.48,64,97,23.82,AU,1603673043
Tacoronte,28.48,-16.41,64.0,87,0,5.82,ES,1603673044
Wilmington,34.23,-77.94,69.01,88,90,11.41,US,1603673044
Guisa,20.25,-76.54,77.0,100,90,6.93,CU,1603673044
Palafrugell,41.92,3.16,64.0,53,89,4.94,ES,1603673044
Rayachoti,14.05,78.75,71.94,81,0,0.94,IN,1603673044
Iturama,-19.73,-50.2,77.81,73,9,3.87,BR,1603673044
Tarpon Springs,28.15,-82.76,80.01,78,0,4.7,US,1603673044
Ambovombe,-25.17,46.08,68.23,85,28,6.15,MG,1603673045
Sheopur,25.67,76.7,68.32,40,0,2.24,IN,1603673045
Zhuhai,22.28,113.57,79.0,78,20,10.29,CN,1603673045
Awjilah,29.11,21.29,63.07,87,0,5.77,LY,1603673045
Marfino,55.7,37.38,46.4,87,75,6.71,RU,1603673045
Peto,20.13,-88.92,74.37,96,90,3.51,MX,1603673045
Savannah Bight,16.45,-85.85,82.78,77,100,20.96,HN,1603673046
Kourou,5.16,-52.65,78.8,94,20,1.12,GF,1603673046
Natal,-5.79,-35.21,78.8,83,40,5.82,BR,1603673046
Edd,13.93,41.69,83.07,41,45,14.5,ER,1603673046
Griffith,41.53,-87.42,48.0,61,90,9.17,US,1603672853
George,-33.96,22.46,60.8,100,100,10.29,ZA,1603673046
Chesham,51.7,-0.6,44.01,96,0,8.63,GB,1603673047
San Quintín,30.48,-115.95,66.69,68,93,14.29,MX,1603673047
Saint-Joseph,-21.37,55.62,69.8,68,0,4.7,RE,1603673047
Bolu Province,40.67,31.58,62.28,32,100,5.77,TR,1603673047
Marquette,46.53,-87.63,32.0,87,100,1.99,US,1603673047
Nioro,13.35,-15.75,78.35,81,0,5.3,GM,1603673047
São Filipe,14.9,-24.5,82.02,65,100,12.28,CV,1603673047
Khandyga,62.67,135.6,11.75,90,0,1.34,RU,1603673047
Deer Lake,49.17,-57.43,39.2,41,90,12.75,CA,1603672986
Yamethin,20.43,96.15,77.49,83,0,0.69,MM,1603673048
Ugoofaaru,5.67,73.0,81.99,74,100,9.95,MV,1603673048
Walvis Bay,-22.96,14.51,57.99,87,78,13.87,NA,1603673048
Calamar,10.25,-74.91,77.83,86,100,4.54,CO,1603673048
Southbridge,42.08,-72.03,45.0,73,94,7.09,US,1603673048
Adelanto,34.58,-117.41,62.01,70,5,20.8,US,1603673049
Baker City,44.77,-117.83,35.6,37,1,14.99,US,1603673049
Saint George,37.1,-113.58,53.6,34,72,16.11,US,1603673049
Chapayevka,47.47,36.35,51.51,76,99,10.56,UA,1603673049
Itaituba,-4.28,-55.98,80.8,64,1,0.45,BR,1603673049
Bulungu,-4.55,18.6,70.7,98,99,0.4,CD,1603673049
Iqaluit,63.75,-68.51,15.8,78,90,3.36,CA,1603673049
Vaitape,-16.52,-151.75,80.64,71,0,6.78,PF,1603673049
Bara,10.37,10.73,73.78,36,30,2.33,NG,1603673050
Taksimo,56.34,114.88,30.31,90,100,4.79,RU,1603673050
Chumikan,54.72,135.31,33.33,83,0,19.06,RU,1603673050
Shahrud,36.42,54.98,50.36,47,0,0.81,IR,1603673050
Atambua,-9.11,124.89,87.13,54,37,1.79,ID,1603673050
Anloga,5.79,0.9,77.0,88,20,2.24,GH,1603673050
Deputatsky,69.3,139.9,4.12,90,4,5.86,RU,1603673051
Yerköy,39.64,34.47,61.81,31,100,3.2,TR,1603673051
Vianen,51.99,5.09,50.0,95,100,9.69,NL,1603673051
Muzhi,65.37,64.67,18.81,97,100,12.26,RU,1603673051
Dubrovnik,42.65,18.09,57.2,87,75,9.17,HR,1603673051
Aklavik,68.22,-135.01,21.2,92,90,9.17,CA,1603673032
Castlebar,53.85,-9.3,51.01,77,72,7.0,IE,1603672930
Lavrentiya,65.58,-171.0,33.64,88,88,7.52,RU,1603673052
Otavi,-19.65,17.33,75.22,24,93,12.3,NA,1603673052
Galich,58.38,42.35,30.74,98,0,5.99,RU,1603673052
Darhan,49.49,105.92,25.63,84,95,2.75,MN,1603673052
Katsuura,35.13,140.3,68.0,55,75,6.93,JP,1603673052
Olinda,-8.01,-34.86,80.6,74,20,4.7,BR,1603673013
Le Port,-20.94,55.29,71.6,73,75,14.99,RE,1603673053
Niğde,37.83,34.75,49.06,48,93,1.97,TR,1603673053
Fairmount,43.05,-76.24,45.0,60,39,4.61,US,1603673053
Port Moresby,-9.44,147.18,87.8,66,40,11.41,PG,1603672969
Kununurra,-15.77,128.73,89.6,52,100,8.05,AU,1603673053
Tahe,52.33,124.73,35.98,82,100,2.55,CN,1603673053
Eufaula,31.89,-85.15,72.0,95,100,3.67,US,1603673053
Houma,29.6,-90.72,70.0,88,1,3.56,US,1603672992
Sal Rei,16.18,-22.92,80.6,69,75,20.8,CV,1603673054
Iberia,29.95,-91.75,68.0,82,1,4.7,US,1603673054
Vilhena,-12.74,-60.15,72.73,82,38,3.8,BR,1603673054
Zhezkazgan,47.8,67.71,46.4,60,100,16.06,KZ,1603673054
Vostok,46.49,135.88,38.71,81,43,2.68,RU,1603673054
Iranshahr,27.2,60.68,57.2,17,0,1.3,IR,1603673054
Cap Malheureux,-19.98,57.61,73.99,75,49,8.01,MU,1603673055
Noyabrsk,63.2,75.45,20.52,96,93,13.91,RU,1603673055
Eyl,7.98,49.82,75.97,72,72,7.14,SO,1603673055
Coyhaique,-45.58,-72.07,48.2,84,75,8.05,CL,1603673055
Mayachnyy,52.68,55.69,42.78,85,100,20.76,RU,1603673055
Bima,-8.47,118.72,87.1,60,100,5.57,ID,1603673055
Al Bardīyah,31.76,25.09,68.81,77,0,9.75,LY,1603673055
Kanchanaburi,14.63,99.1,77.61,78,57,1.92,TH,1603673056
Kalabo,-14.97,22.68,70.92,23,9,6.04,ZM,1603673056
Newala,-10.94,39.28,65.55,100,86,5.5,TZ,1603673056
Thabazimbi,-24.59,27.41,70.0,66,0,5.61,ZA,1603673056
Pedersore,63.65,22.68,46.0,93,75,17.22,FI,1603673056
Rāy,23.68,85.05,64.4,68,0,2.66,IN,1603673057
São João da Barra,-21.64,-41.05,71.28,87,71,9.91,BR,1603672707
Bereda,43.27,-7.54,46.0,100,100,5.99,ES,1603673057
Koslan,63.46,48.9,19.71,98,64,4.29,RU,1603673057
Shingū,33.73,135.98,62.6,63,40,6.93,JP,1603673057
Bonthe,7.53,-12.51,78.08,85,0,5.1,SL,1603673057
Benjamin Constant,-4.38,-70.03,77.0,100,40,2.24,BR,1603673057
Maragogi,-9.01,-35.22,76.8,81,62,12.37,BR,1603673032
Naifaru,5.44,73.37,81.93,75,100,9.42,MV,1603673058
Laurentides,46.43,-74.98,31.53,84,55,2.13,CA,1603673058
Uşak Province,38.5,29.42,59.05,44,0,0.87,TR,1603673058
Half Moon Bay,37.46,-122.43,68.0,76,1,11.41,US,1603672785
Novikovo,51.15,37.89,44.6,87,0,1.05,RU,1603673058
Makīnsk,52.63,70.42,43.0,82,100,15.39,KZ,1603673058
Surgut,61.25,73.42,26.6,100,90,11.18,RU,1603673059
Mugan,35.94,101.38,39.61,65,87,6.06,CN,1603673059
Kurchum,48.57,83.65,35.38,72,97,9.1,KZ,1603673059
Maniitsoq,65.42,-52.9,28.13,79,100,8.28,GL,1603673059
Tongren,27.72,109.19,59.74,86,100,0.72,CN,1603673059
